<?xml version="1.0"?>
<!-- NEXUS VSTI MAPPING -->
<midicc>
	<keyboard>
		<key>1</key><!-- 44 FLT Envelope -->
		<cc>44</cc>
		<inc>1</inc>
	</keyboard>
	<keyboard>
		<key>A</key>
		<cc>44</cc>
		<inc>-1</inc>
	</keyboard>
	<keyboard>
		<key>2</key><!-- 29 FLT Decay -->
		<cc>29</cc>
		<inc>1</inc>
	</keyboard>
	<keyboard>
		<key>Z</key>
		<cc>29</cc>
		<inc>-1</inc>
	</keyboard>
	<keyboard>
		<key>3</key><!-- 45 FLT Cutoff -->
		<cc>45</cc>
		<inc>1</inc>
	</keyboard>
	<keyboard>
		<key>E</key>
		<cc>45</cc>
		<inc>-1</inc>
	</keyboard>
	<keyboard>
		<key>4</key><!-- 46 FLT Resonance -->
		<cc>46</cc>
		<inc>1</inc>
	</keyboard>
	<keyboard>
		<key>R</key>
		<cc>46</cc>
		<inc>-1</inc>
	</keyboard>
	<keyboard>
		<key>5</key><!-- 28 FLT Attack -->
		<cc>28</cc>
		<inc>1</inc>
	</keyboard>
	<keyboard>
		<key>T</key>
		<cc>28</cc>
		<inc>-1</inc>
	</keyboard>
	<keyboard>
		<key>6</key><!-- 29 FLT Decay -->
		<cc>29</cc>
		<inc>1</inc>
	</keyboard>
	<keyboard>
		<key>Y</key>
		<cc>29</cc>
		<inc>-1</inc>
	</keyboard>
	<keyboard>
		<key>7</key><!-- 30 FLT Sustain -->
		<cc>30</cc>
		<inc>1</inc>
	</keyboard>
	<keyboard>
		<key>U</key>
		<cc>30</cc>
		<inc>-1</inc>
	</keyboard>
	<keyboard>
		<key>8</key><!-- 31 FLT Release -->
		<cc>31</cc>
		<inc>1</inc>
	</keyboard>
	<keyboard>
		<key>I</key>
		<cc>31</cc>
		<inc>-1</inc>
	</keyboard>
	<keyboard>
		<key>9</key><!-- 71 Master Filter Resonance -->
		<cc>71</cc>
		<inc>1</inc>
	</keyboard>
	<keyboard>
		<key>O</key>
		<cc>71</cc>
		<inc>-1</inc>
	</keyboard>
	<keyboard>
		<key>0</key><!-- 74 Master Filter Cutoff -->
		<cc>74</cc>
		<inc>1</inc>
	</keyboard>
	<keyboard>
		<key>P</key>
		<cc>74</cc>
		<inc>-1</inc>
	</keyboard>
	<keyboard>
		<key>Q</key><!-- 8 AMP Spread -->
		<cc>8</cc>
		<inc>1</inc>
	</keyboard>
	<keyboard>
		<key>W</key>
		<cc>8</cc>
		<inc>-1</inc>
	</keyboard>
	<keyboard>
		<key>S</key><!-- 75 AMP Decay -->
		<cc>75</cc>
		<inc>1</inc>
	</keyboard>
	<keyboard>
		<key>X</key>
		<cc>75</cc>
		<inc>-1</inc>
	</keyboard>
	<keyboard>
		<key>D</key><!-- 24 AMP Sustain -->
		<cc>24</cc>
		<inc>1</inc>
	</keyboard>
	<keyboard>
		<key>C</key>
		<cc>24</cc>
		<inc>-1</inc>
	</keyboard>
	<keyboard>
		<key>F</key><!-- 73 AMP Attack -->
		<cc>73</cc>
		<inc>1</inc>
	</keyboard>
	<keyboard>
		<key>V</key>
		<cc>73</cc>
		<inc>-1</inc>
	</keyboard>
	<keyboard>
		<key>G</key><!-- 72 AMP Release -->
		<cc>72</cc>
		<inc>1</inc>
	</keyboard>
	<keyboard>
		<key>B</key>
		<cc>72</cc>
		<inc>-1</inc>
	</keyboard>
	
	<!--75 AMP Decay 
	<keyboard>
		<key>H</key>
		<cc>75</cc>
		<inc>1</inc>
	</keyboard>
	<keyboard>
		<key>N</key>
		<cc>75</cc>
		<inc>1</inc>
	</keyboard>
	-->
	<keyboard>
		<key>J</key><!-- 91 Reverb Mix -->
		<cc>91</cc>
		<inc>1</inc>
	</keyboard>
	<keyboard>
		<key>?</key>
		<cc>91</cc>
		<inc>-1</inc>
	</keyboard>
	<keyboard>
		<key>K</key><!-- 94 Delay Mix -->
		<cc>94</cc>
		<inc>1</inc>
	</keyboard>
	<keyboard>
		<key>.</key>
		<cc>94</cc>
		<inc>-1</inc>
	</keyboard>	
<!--	
	<keyboard>
		<key>L</key>
		<cc>94</cc>
		<inc>1</inc>
	</keyboard>
	<keyboard>
		<key>/</key>
		<cc>94</cc>
		<inc>1</inc>
	</keyboard>
-->
</midicc>