<?xml version="1.0"?>
<midicc>
	<keyboard>
		<key>a</key>
		<cc>0</cc>
		<inc>1</inc>
	</keyboard>
	<keyboard>
		<key>z</key>
		<cc>1</cc>
		<inc>1</inc>
	</keyboard>
	<keyboard>
		<key>e</key>
		<cc>2</cc>
		<inc>1</inc>
	</keyboard>	
	<keyboard>
		<key>r</key>
		<cc>3</cc>
		<inc>1</inc>
	</keyboard>	
	<keyboard>
		<key>t</key>
		<cc>4</cc>
		<inc>1</inc>
	</keyboard>	
	<keyboard>
		<key>y</key>
		<cc>5</cc>
		<inc>1</inc>
	</keyboard>	
	<keyboard>
		<key>u</key>
		<cc>6</cc>
		<inc>1</inc>
	</keyboard>	
	<keyboard>
		<key>i</key>
		<cc>7</cc>
		<inc>1</inc>
	</keyboard>	
	<keyboard>
		<key>o</key>
		<cc>8</cc>
		<inc>1</inc>
	</keyboard>	
</midicc>